DeviceNum,Category,XLE_MAC,XB_MAC,XLE_IP,XLE_Version,XB_Version,RSRP_dBm,RSRQ_dB,SNR_dB,RSSI_dBm,RadioEnvConditions,BandInfo_dmcli,Band_actual,EARFCN,BandBW_MHz,CA_Active,CA_TotalBW_MHz,PCI,GlobalCellId,TAC,TimingAdvance_us,CellDistance_km,DL_Mbps,UL_Mbps,Ping_ms,Latency_avg_ms,Latency_min_ms,Latency_max_ms,PacketLoss_pct,SpeedtestServer,ServerDistance_km,Neighbors_IntraFreq,Neighbors_InterFreq,PLMN,UE_InIdle_During_Test,Serving_RSRP_Connected_dBm,Serving_RSRQ_Connected_dB,SNR_During_Test_dB,Timestamp
1,EXCELLENT,d8:9c:8e:00:03:cf,D4:E2:CB:9D:58:A4,169.254.85.238,WNXL11BWL_8.3p7s1_PROD_sey,CGM4981COM_8.3p10s1_PROD_sey,-65,-6,30.0,-37,EXCELLENT,13,eutran-13,5230,10,No,10,490,265449540,26100,0,0.0,57.31,15.98,93.16,71.249,43.272,286.000,10,Comcast (Plainfield NJ),81.52,0,0,311048,No,-64.3,-6.5,30.0,2026-06-04T00:44Z
4,POOR,d8:9c:8e:00:17:4f,1C:9E:CC:21:C0:A4,169.254.1.109,WNXL11BWL_8.3p7s1_PROD_sey,CGM4981COM_8.3p10s1_PROD_sey,-105,-14,4.6,-72,POOR,13,eutran-4,2125,15,No_Deconfigured,25,256,26208790,26115,20,3.0,23.18,4.65,67.945,40.882,23.473,163.194,1,ReliableSite (Piscataway NJ),117.02,3,4,311048,No,-103.7,-12.2,6.8,2026-06-04T00:39Z
2,EXCELLENT,d8:9c:8e:00:04:1f,D4:E2:CB:9D:64:14,169.254.85.174,WNXL11BWL_8.3p7s1_PROD_sey,CGM4981COM_8.3p10s1_PROD_sey,-73,-6,27.2,-49,EXCELLENT,13,eutran-13,5230,10,No,10,490,265449540,26100,0,0.0,29.88,10.01,91.098,75.583,44.592,290.030,9,Spectrum (New York NY),119.96,0,0,311048,No,-71.5,-6.2,24.4,2026-06-04T01:00Z
3,EXCELLENT,d8:9c:8e:00:04:51,80:DA:C2:BE:76:78,169.254.1.226,WNXL11BWL_8.3p7s1_PROD_sey,CGM4331COM_8.2p7s1_PROD_sey,-59,-5,30.0,-36,EXCELLENT,4,eutran-2,1000,10,No_Deconfigured,20,13,25239064,25104,3,0.5,FAIL,FAIL,,,,,,,,0,1,311048,No,-59.1,-3.1,29.4,2026-06-04T01:10Z
4,EXCELLENT,d8:9c:8e:00:0a:3c,AC:4C:A5:AA:86:28,169.254.1.132,WNXL11BWL_8.3p7s1_PROD_sey,CGM4981COM_8.1p1s1_PROD_sey,-73,-6,10.8,-51,EXCELLENT,4,eutran-2,1000,10,No_Deconfigured,20,12,25239054,25104,3,0.5,21.37,19.27,79.689,42.630,21.231,171.771,1,Spectrum (New York NY),130.65,1,1,311048,No,-73.6,-5.7,9.6,2026-06-04T01:32Z
5,EXCELLENT,d8:9c:8e:00:0b:b3,1C:9E:CC:21:87:3C,169.254.1.112,WNXL11BWL_8.3p7s1_PROD_sey,CGM4981COM_8.3p10s1_PROD_sey,-61,-7,26.8,-40,EXCELLENT,4,eutran-2,1000,10,No_Deconfigured,35,13,25239064,25104,3,0.5,37.49,19.56,105.977,46.170,20.543,201.769,0,Northland Communications (Syracuse NY),355.71,4,2,311048,No,-61.9,-3.3,25.6,2026-06-04T01:55Z
6,EXCELLENT,d8:9c:8e:00:0d:20,E4:BF:FA:FF:E5:A4,169.254.85.188,WNXL11BWL_8.3p7s1_PROD_sey,CGM4981COM_8.5p2s3_PROD_sey,-58,-5,30.0,-33,EXCELLENT,4,eutran-4,2125,10,No_Deconfigured,35,13,25239062,25104,,,,143.28,41.41,42.175,14.658,12.648,27.630,0,,,0,0,311048,No,-56.3,-3.0,30.0,2026-06-04T02:20Z
7,EXCELLENT,d8:9c:8e:00:16:21,98:9D:5D:7F:C2:E3,169.254.1.202,WNXL11BWL_8.3p7s1_PROD_sey,CGM4331COM_8.3p12s1_PROD_sey,-80,-9,25.4,-49,EXCELLENT,4,eutran-4,2100,10,No_Deconfigured,30,326,35121440,35078,,,,88.11,38.05,48.14,29.995,22.528,62.559,0,,,1,1,311048,No,-81.1,-10.6,29.6,2026-06-04T02:20Z
8,EXCELLENT,d8:9c:8e:00:18:97,1C:9E:CC:21:95:24,169.254.1.46,WNXL11BWL_8.3p7s1_PROD_sey,CGM4981COM_8.3p10s1_PROD_sey,-67,-6,28.2,-49,EXCELLENT,13,eutran-2,1000,10,No_Deconfigured,30,14,25239074,25104,,,,186.86,36.56,49.777,33.701,15.768,126.695,0,,,0,1,311048,No,-67.9,-4.4,27.4,2026-06-04T02:20Z
9,EXCELLENT,d8:9c:8e:00:19:dc,B8:5E:71:F5:D0:0C,169.254.1.227,WNXL11BWL_8.3p7s1_PROD_sey,CGM4981COM_8.3p10s1_PROD_sey,-69,-6,30.0,-46,EXCELLENT,4,eutran-2,1000,10,No_Deconfigured,35,11,25238818,25104,,,,100.83,40.28,44.582,20.921,13.942,54.759,0,,,0,2,311048,No,-66.3,-3.0,30.0,2026-06-04T03:00Z
10,EXCELLENT,d8:9c:8e:00:1a:1d,08:A7:C0:45:76:14,169.254.1.148,WNXL11BWL_8.3p7s1_PROD_sey,CGM4331COM_8.3p12s1_PROD_sey,-65,-5,28.8,-41,EXCELLENT,2,eutran-4,2125,10,No_Deconfigured,35,10,25238806,25104,,,,106.72,40.37,37.753,23.267,15.314,132.398,0,,,1,4,311048,No,-64.2,-3.0,30.0,2026-06-04T03:00Z
11,EXCELLENT,d8:9c:8e:00:1d:c9,E4:BF:FA:7D:4B:3D,169.254.1.158,WNXL11BWL_8.3p7s1_PROD_sey,CGM4331COM_8.3p12s1_PROD_sey,-82,-9,20.6,-54,EXCELLENT,5,eutran-4,2050,10,No_Deconfigured,40,8,53119264,53003,,,,108.42,85.43,40.888,31.711,15.305,209.245,0,,,1,2,311048,No,-81.4,-8.2,15.6,2026-06-04T03:00Z
12,EXCELLENT,d8:9c:8e:00:1d:ec,1C:9E:CC:21:A5:FC,169.254.1.193,WNXL11BWL_8.3p11s1_PROD_sey,CGM4981COM_8.5p2s3_PROD_sey,-83,-7,9.8,-56,EXCELLENT,2,eutran-4,2100,10,No,10,132,3619104,3584,,,,73.95,54.74,87.363,19.380,9.319,179.126,0,,,1,0,311048,No,-80.4,-7.4,12.6,2026-06-04T03:30Z
13,EXCELLENT,d8:9c:8e:00:1e:37,58:96:30:3F:C4:8C,169.254.1.124,WNXL11BWL_8.3p11s1_PROD_sey,CGM4331COM_8.3p12s1_PROD_sey,-74,-8,21.6,-43,EXCELLENT,2,eutran-4,2050,10,No,10,81,80235020,3328,,,,97.40,67.59,49.037,18.378,8.637,62.098,1,,,1,0,311048,No,-70.2,-9.9,23.6,2026-06-04T03:30Z
14,EXCELLENT,d8:9c:8e:00:20:58,5C:22:DA:3C:F1:6F,169.254.1.132,WNXL11BWL_8.3p11s1_PROD_sey,CGM601TCOM_8.3p5s1_PROD_sey,-83,-11,28.8,-52,EXCELLENT,4,eutran-4,2050,10,No,10,199,37654826,37632,,,,128.05,39.59,40.419,26.879,17.101,139.486,2,,,0,1,311048,No,-81.4,-9.8,28.4,2026-06-04T03:30Z
15,EXCELLENT,,,169.254.0.119,,,,,,,EXCELLENT,,,,,,,,,,,,FAIL,FAIL,,,,,,,,,,311048,,,,,2026-06-04T03:45Z
16,EXCELLENT,d8:9c:8e:00:28:32,58:96:30:3F:CC:9D,169.254.1.243,WNXL11BWL_8.3p7s1_PROD_sey,CGM4331COM_8.3p12s1_PROD_sey,-79,-8,24.2,-54,EXCELLENT,2,eutran-4,2125,10,No,10,322,25146646,25103,,,,52.21,22.12,59.944,33.243,14.907,151.992,0,,,1,2,311048,No,-81.9,-8.2,18.2,2026-06-04T03:45Z
17,EXCELLENT,d8:9c:8e:00:28:41,1C:9E:CC:25:A8:A6,169.254.1.9,WNXL11BWL_8.3p7s1_PROD_sey,CGM4981COM_8.3p10s1_PROD_sey,-85,-15,-2.2,-54,GOOD,4,eutran-66,67086,10,No,10,261,25171730,25104,,,,64.53,38.92,41.821,22.327,15.614,86.564,3,,,2,4,311048,No,-85.2,-11.6,2.8,2026-06-04T03:45Z
18,EXCELLENT,d8:9c:8e:00:28:69,AC:4C:A5:B2:DD:20,169.254.1.49,WNXL11BWL_8.3p7s1_PROD_sey,CGM4981COM_8.3p10s1_PROD_sey,-73,-5,18.8,-50,EXCELLENT,4,eutran-4,2125,10,No,10,34,25099286,25104,,,,97.21,38.53,49.758,35.196,28.247,78.783,0,,,0,1,311048,No,-73.3,-3.3,17.8,2026-06-04T03:45Z
19,EXCELLENT,d8:9c:8e:00:2d:eb,1C:9E:CC:21:94:D4,169.254.1.241,WNXL11BWL_8.3p7s1_PROD_sey,CGM4981COM_8.5p2s3_PROD_sey,-78,-9,24.6,-49,EXCELLENT,4,eutran-4,2125,10,No,10,278,25433888,25344,,,,121.79,37.68,51.06,22.866,14.341,62.230,1,,,0,2,311048,No,-77.4,-11.3,25.4,2026-06-04T04:00Z
20,EXCELLENT,d8:9c:8e:00:32:23,F8:5E:42:4D:F3:A9,169.254.1.103,WNXL11BWL_8.3p11s1_PROD_sey,CGM4331COM_8.3p12s1_PROD_sey,-84,-16,3.4,-51,EXCELLENT,13,eutran-2,1000,10,No,10,287,80859682,3842,,,,155.40,40.67,28.812,18.861,13.152,118.757,0,,,2,2,311048,No,-85.3,-17.3,2.2,2026-06-04T04:00Z
21,EXCELLENT,d8:9c:8e:00:39:99,F4:C1:14:F9:FD:16,169.254.1.9,WNXL11BWL_8.3p7s1_PROD_sey,CGM4331COM_8.3p12s1_PROD_sey,-71,-8,30.0,-44,EXCELLENT,13,eutran-4,2050,10,No,10,447,14957836,14848,,,,116.51,163.65,29.171,24.629,9.983,382.040,0,,,0,2,311048,No,-72.6,-9.5,27.2,2026-06-04T04:00Z
22,EXCELLENT,d8:9c:8e:00:3c:fa,F8:D2:AC:03:6A:90,169.254.1.195,WNXL11BWL_8.3p7s1_PROD_sey,CGM4981COM_8.3p10s1_PROD_sey,-83,-7,29.8,-54,EXCELLENT,5,eutran-2,1050,10,No,10,344,14671394,14599,,,,119.02,42.79,38.186,22.384,16.464,49.830,1,,,0,1,311048,No,-82.3,-6.4,30.0,2026-06-04T04:15Z
23,EXCELLENT,d8:9c:8e:00:3d:36,48:BD:CE:EB:FD:72,169.254.1.111,WNXL11BWL_8.3p7s1_PROD_sey,CGM4331COM_8.3p12s1_PROD_sey,-75,-8,13.2,-49,EXCELLENT,13,eutran-4,2050,10,No,10,259,205826070,52284,,,,110.84,57.81,40.876,19.744,14.746,43.594,0,,,0,1,311048,No,-76.1,-6.3,27.2,2026-06-04T04:15Z
24,EXCELLENT,d8:9c:8e:00:3d:f9,5C:7D:7D:7A:91:C9,169.254.1.55,WNXL11BWL_8.3p7s1_PROD_sey,CGM4331COM_8.3p12s1_PROD_sey,-65,-7,22.6,-35,EXCELLENT,4,eutran-4,2050,10,No,10,4,8547400,8451,,,,137.54,20.63,42.306,27.807,22.536,40.529,0,,,0,4,311048,No,-63.5,-9.2,22.0,2026-06-04T04:15Z
25,EXCELLENT,d8:9c:8e:00:3f:89,1C:9D:72:2F:33:40,169.254.1.167,WNXL11BWL_8.3p7s1_PROD_sey,CGM4331COM_8.3p12s1_PROD_sey,-68,-13,21.4,-39,EXCELLENT,13,eutran-2,875,10,No,10,83,31545378,31028,,,,132.61,38.02,29.478,18.741,13.790,27.506,0,,,2,3,311048,No,-71.0,-11.7,10.2,2026-06-04T05:00Z
26,GOOD,d8:9c:8e:00:0b:d1,D4:E2:CB:CF:DC:50,169.254.1.142,WNXL11BWL_8.3p11s1_PROD_sey,CGM4981COM_8.3p10s1_PROD_sey,-87,-16,19.6,-56,GOOD,3,eutran-4,2050,10,No,10,227,44125216,44040,,,,117.47,40.77,25.311,20.694,9.174,97.536,0,,,0,1,311048,No,-86.3,-8.9,23.8,2026-06-04T05:15Z
27,GOOD,d8:9c:8e:00:15:bd,1C:9E:CC:21:B8:DC,169.254.1.246,WNXL11BWL_8.3p11s1_PROD_sey,CGM4981COM_8.3p10s1_PROD_sey,-89,-8,22.2,-56,GOOD,4,eutran-4,2050,10,No,10,340,41845014,41731,,,,89.67,30.19,64.422,26.275,19.545,134.635,0,,,0,4,311048,No,-86.9,-8.0,20.6,2026-06-04T05:30Z
28,GOOD,,,169.254.1.108,,,,,,,GOOD,,,,,,,,,,,,FAIL,FAIL,,,,,,,,,,311048,,,,,2026-06-04T05:30Z
29,GOOD,d8:9c:8e:00:16:e4,B8:5E:71:FD:B6:64,169.254.1.148,WNXL11BWL_8.3p11s1_PROD_sey,CGM4981COM_8.3p10s1_PROD_sey,-85,-9,15.4,-54,GOOD,2,eutran-2,1025,10,No,10,251,14679822,14592,,,,178.35,40.35,31.821,20.245,13.735,146.774,0,,,2,4,311048,No,-85.6,-13.3,14.4,2026-06-04T05:45Z
30,GOOD,d8:9c:8e:00:17:52,D4:E2:CB:B7:9E:27,169.254.1.114,WNXL11BWL_8.3p11s1_PROD_sey,CGM4981COM_8.3p14s1_PROD_sey,-86,-11,12.2,-56,GOOD,4,eutran-4,2050,10,No,10,269,26268192,26114,,,,148.92,22.81,35.32,35.932,15.272,242.283,1,,,1,2,311048,No,-87.3,-10.2,12.0,2026-06-04T06:00Z
31,GOOD,,,169.254.1.126,,,,,,,GOOD,,,,,,,,,,,,FAIL,FAIL,,,,,,,,,,311048,,,,,2026-06-04T06:00Z
32,GOOD,d8:9c:8e:00:1f:db,0C:FE:7B:C7:91:04,169.254.1.151,WNXL11BWL_8.3p11s1_PROD_sey,CGM4981COM_8.3p10s1_PROD_sey,-91,-11,10.2,-58,GOOD,4,eutran-4,2050,10,No,10,402,114688524,37888,,,,124.13,39.86,29.099,17.286,12.230,139.902,0,,,0,4,311048,No,-89.9,-10.7,13.0,2026-06-04T06:15Z
33,GOOD,d8:9c:8e:00:24:27,48:4B:D4:67:51:27,169.254.1.33,WNXL11BWL_8.3p11s1_PROD_sey,CGM4331COM_8.3p12s1_PROD_sey,-95,-10,16.4,-71,FAIR,2,eutran-66,67086,10,No,10,118,26096668,25856,,,,129.83,40.29,45.501,19.816,14.021,146.337,1,,,3,3,311048,No,-97.9,-10.1,14.4,2026-06-04T06:30Z
34,GOOD,d8:9c:8e:00:29:a9,8C:6A:8D:49:E7:24,169.254.85.223,WNXL11BWL_8.3p7s1_PROD_sey,CGM4331COM_8.3p12s1_PROD_sey,-94,-8,14.0,-63,GOOD,13,eutran-13,5230,10,No,10,490,265449540,26100,,,,186.25,37.89,67.142,27.879,18.238,153.813,0,,,0,0,311048,No,-90.4,-6.7,14.6,2026-06-04T06:45Z
35,GOOD,,,169.254.1.131,,,,,,,GOOD,,,,,,,,,,,,FAIL,FAIL,,,,,,,,,,311048,,,,,2026-06-04T06:50Z
36,GOOD,d8:9c:8e:00:2d:b9,5C:22:DA:3C:EE:27,169.254.1.191,WNXL11BWL_8.3p7s1_PROD_sey,CGM601TCOM_8.3p5s1_PROD_sey,-88,-12,11.4,-58,GOOD,13,eutran-4,2050,10,No,10,21,51819788,51777,,,,118.56,150.01,34.996,20.228,11.836,81.017,0,,,2,2,311048,No,-87.4,-11.0,13.4,2026-06-04T07:00Z
37,GOOD,,,169.254.1.237,,,,,,,GOOD,,,,,,,,,,,,FAIL,FAIL,,,,,,,,,,311048,,,,,2026-06-04T07:05Z
38,GOOD,,,169.254.1.216,,,,,,,GOOD,,,,,,,,,,,,FAIL,FAIL,,,,,,,,,,311048,,,,,2026-06-04T07:05Z
39,GOOD,d8:9c:8e:00:33:40,98:9D:5D:CF:30:7A,169.254.1.244,WNXL11BWL_8.3p11s1_PROD_sey,CGM4331COM_8.3p12s1_PROD_sey,-92,-11,18.2,-68,GOOD,5,eutran-4,2100,10,No,10,105,15653408,15617,,,,100.89,126.86,29.169,21.359,12.656,78.681,0,,,2,3,311048,No,-91.9,-7.5,20.0,2026-06-04T07:15Z
40,GOOD,,,169.254.1.86,,,,,,,GOOD,,,,,,,,,,,,FAIL,FAIL,,,,,,,,,,311048,,,,,2026-06-04T07:20Z
41,GOOD,d8:9c:8e:00:35:b6,80:DA:C2:8E:97:C4,169.254.1.88,WNXL11BWL_8.3p11s1_PROD_sey,CGM4981COM_8.3p14s1_PROD_sey,-93,-8,17.0,-59,GOOD,4,eutran-4,2050,10,No,10,9,37736480,37662,,,,197.59,30.97,38.444,21.208,14.752,88.905,1,,,1,3,311048,No,-91.2,-11.3,16.4,2026-06-04T07:30Z
42,GOOD,d8:9c:8e:00:39:8f,C4:4F:D5:F5:05:8C,169.254.85.247,WNXL11BWL_8.3p7s1_PROD_sey,CGM4981COM_8.3p10s1_PROD_sey,-86,-7,17.8,-63,GOOD,2,eutran-4,2125,10,No,10,105,31266326,30720,,,,194.74,40.23,26.306,16.803,11.766,28.506,2,,,1,3,311048,No,-85.8,-8.5,17.4,2026-06-04T07:45Z
43,GOOD,d8:9c:8e:00:39:a8,E0:DB:D1:E5:79:1A,169.254.1.26,WNXL11BWL_8.3p7s1_PROD_sey,CGM4331COM_8.3p12s1_PROD_sey,-95,-7,17.8,-68,FAIR,4,eutran-4,2350,10,No,10,13,58864180,58624,,,,181.80,38.52,43.924,24.502,18.520,77.752,0,,,0,1,311048,No,-94.4,-6.5,17.0,2026-06-04T08:00Z
44,GOOD,d8:9c:8e:00:3a:c0,10:36:AA:24:7F:78,169.254.1.160,WNXL11BWL_8.3p7s1_PROD_sey,CGM4981COM_8.3p10s1_PROD_sey,-92,-9,17.6,-58,GOOD,13,eutran-4,2050,10,No,10,290,81368864,4352,,,,190.16,116.16,44.278,33.816,20.623,107.895,0,,,0,2,311048,No,-90.1,-10.7,17.8,2026-06-04T08:15Z
45,GOOD,d8:9c:8e:00:3c:05,B8:5E:71:49:09:29,169.254.1.197,WNXL11BWL_8.3p7s1_PROD_sey,CGM4981COM_8.3p10s1_PROD_sey,-91,-11,12.0,-68,GOOD,3,eutran-2,925,10,No,10,438,130077454,53248,,,,121.12,120.16,97.047,20.554,12.848,40.053,0,,,0,3,311048,No,-91.6,-13.5,12.4,2026-06-04T08:30Z
46,GOOD,d8:9c:8e:00:3e:a3,B8:5E:71:59:23:C0,169.254.1.81,WNXL11BWL_8.3p7s1_PROD_sey,CGM4331COM_8.3p12s1_PROD_sey,-92,-10,6.8,-60,GOOD,4,eutran-4,2075,10,No,10,135,7939340,7941,,,,80.65,70.15,27.346,18.380,9.573,65.628,0,,,1,2,311048,No,-90.5,-11.1,10.0,2026-06-04T08:45Z
47,GOOD,,,169.254.1.146,,,,,,,GOOD,,,,,,,,,,,,FAIL,FAIL,,,,,,,,,,311048,,,,,2026-06-04T09:00Z
48,GOOD,d8:9c:8e:00:40:e7,B8:5E:71:33:51:69,169.254.1.126,WNXL11BWL_8.3p7s1_PROD_sey,CGM4981COM_8.5p2s3_PROD_sey,-99,-11,18.0,-70,FAIR,13,eutran-4,2050,10,No,10,387,115133452,38144,,,,105.66,24.46,31.549,19.642,13.520,58.417,0,,,1,0,311048,No,-100.2,-11.2,18.4,2026-06-04T09:15Z
49,GOOD,d8:9c:8e:00:41:a0,B8:A5:35:91:EE:9E,169.254.1.165,WNXL11BWL_8.3p7s1_PROD_sey,CGM4981COM_8.3p10s1_PROD_sey,-93,-8,21.0,-65,GOOD,4,eutran-4,2050,10,No,10,104,37412128,37376,,,,155.82,51.02,36.353,21.938,15.415,72.456,0,,,0,2,311048,No,-91.8,-7.9,20.8,2026-06-04T09:30Z
50,GOOD,d8:9c:8e:00:41:d7,10:A7:93:0C:EC:B8,169.254.1.220,WNXL11BWL_8.3p7s1_PROD_sey,CGM4981COM_8.3p10s1_PROD_sey,-93,-10,26.6,-60,GOOD,4,eutran-4,2050,10,No,10,319,8334102,8193,,,,125.55,33.88,35.649,19.533,12.283,79.804,0,,,2,0,311048,No,-92.8,-8.9,15.2,2026-06-04T09:45Z
51,FAIR,d8:9c:8e:00:04:38,E0:DB:D1:DC:7B:B7,169.254.85.199,WNXL11BWL_8.3p7s1_PROD_sey,CGM4331COM_8.3p12s1_PROD_sey,-96,-12,4.6,-65,FAIR,13,eutran-13,5230,10,No,10,495,266551856,26100,,,,140.26,40.65,56.628,59.651,16.108,1988.593,0,,,0,0,311048,No,-95.2,-11.3,7.8,2026-06-04T10:00Z
52,FAIR,d8:9c:8e:00:0b:e5,80:DA:C2:DF:61:FE,169.254.1.164,WNXL11BWL_8.3p7s1_PROD_sey,CGM4331COM_8.3p12s1_PROD_sey,-97,-11,10.4,-68,FAIR,3,eutran-4,2125,10,No,10,325,25927702,25858,,,,192.13,40.86,45.069,21.621,14.397,102.239,0,,,3,0,311048,No,-97.6,-11.0,11.0,2026-06-04T10:15Z
53,FAIR,,,169.254.1.167,,,,,,,FAIR,,,,,,,,,,,,FAIL,FAIL,,,,,,,,,,311048,,,,,2026-06-04T10:30Z
54,FAIR,,,169.254.1.22,,CGM4331COM_8.3p12s1_PROD_sey,,,,,FAIR,,,,,,,,,,,,FAIL,FAIL,,,,,,,,,,311048,,,,,2026-06-04T10:32Z
55,FAIR,d8:9c:8e:00:16:58,F8:D0:0E:F1:40:3C,169.254.1.8,WNXL11BWL_8.3p7s1_PROD_sey,CGM4981COM_8.2p7s1_PROD_sey,-113,-11,13.4,-79,POOR,2,eutran-4,2050,10,No,10,66,31757836,31751,,,,82.53,67.30,106.021,24.763,20.454,46.687,1,,,0,0,311048,Yes,-109.2,-11.8,7.4,2026-06-04T10:45Z
56,FAIR,d8:9c:8e:00:16:94,A0:FF:70:20:34:9D,169.254.1.68,WNXL11BWL_8.3p7s1_PROD_sey,CGM4331COM_8.3p12s1_PROD_sey,-99,-11,12.0,-68,FAIR,4,eutran-4,2050,10,No,10,144,62239274,62208,,,,82.37,38.84,91.559,20.011,12.049,118.070,2,,,0,0,311048,,,8.0,2026-06-04T10:50Z
57,FAIR,d8:9c:8e:00:16:c1,F8:5E:42:45:51:2A,169.254.1.113,WNXL11BWL_8.3p11s1_PROD_sey,CGM4331COM_8.3p12s1_PROD_sey,-103,-13,1.4,-69,FAIR,13,eutran-2,1025,10,No,10,234,14423074,14339,,,,128.17,41.07,29.898,17.089,9.735,126.942,0,,,0,0,311048,No,-102.9,-13.5,6.4,2026-06-04T11:00Z
58,FAIR,d8:9c:8e:00:17:cf,3C:82:C0:0B:15:04,169.254.1.239,WNXL11BWL_8.3p11s1_PROD_sey,CGM4981COM_8.3p14s1_PROD_sey,-102,-11,2.6,-67,FAIR,13,eutran-4,2300,10,No,10,80,134185760,57345,,,,177.79,40.55,37.793,16.263,10.371,43.138,0,,,0,0,311048,No,-100.5,-11.1,2.8,2026-06-04T11:15Z
59,FAIR,d8:9c:8e:00:1c:61,3C:82:C0:08:DA:0C,169.254.1.191,WNXL11BWL_8.3p11s1_PROD_sey,CGM4981COM_8.3p14s1_PROD_sey,-100,-11,6.8,-69,FAIR,2,eutran-4,2050,10,No,10,286,113613600,36613,,,,137.34,110.44,77.76,20.222,7.029,257.991,0,,,0,0,311048,No,-99.4,-8.1,8.8,2026-06-04T11:20Z
60,FAIR,d8:9c:8e:00:1c:6b,5C:7D:7D:2D:8D:9F,169.254.1.201,WNXL11BWL_8.3p11s1_PROD_sey,CGM4331COM_8.3p12s1_PROD_sey,-100,-13,14.0,-71,FAIR,5,eutran-66,1550,10,No,10,409,25938716,25864,,,,83.10,120.83,60.513,29.665,17.327,125.250,0,,,0,0,311048,No,-99.6,-11.8,19.2,2026-06-04T11:35Z
61,FAIR,d8:9c:8e:00:1c:70,5C:22:DA:3C:EF:3F,169.254.1.206,WNXL11BWL_8.3p7s1_PROD_sey,CGM601TCOM_8.3p5s1_PROD_sey,-97,-11,17.2,-74,FAIR,4,eutran-66,1375,10,No,10,31,29303324,29185,,,,149.96,98.44,42.785,30.771,22.360,65.003,0,,,0,0,311048,No,-99.0,-9.9,15.4,2026-06-04T11:45Z
62,FAIR,d8:9c:8e:00:1c:7f,5C:7D:7D:78:94:AC,169.254.1.221,WNXL11BWL_8.3p11s1_PROD_sey,CGM4331COM_8.3p12s1_PROD_sey,-102,-10,9.0,-71,FAIR,5,eutran-4,2325,10,No,10,7,61716758,61711,,,,201.40,38.39,42.276,17.927,10.210,134.680,0,,,0,0,311048,No,-102.0,-10.2,14.6,2026-06-04T11:55Z
63,FAIR,d8:9c:8e:00:1c:8e,F8:D0:0E:48:49:DC,169.254.1.236,WNXL11BWL_8.3p11s1_PROD_sey,CGM4981COM_8.3p10s1_PROD_sey,-98,-12,6.6,-63,FAIR,13,eutran-2,875,10,No,10,30,31260686,30725,,,,127.87,39.05,40.539,25.598,14.534,116.179,0,,,0,0,311048,No,-97.8,-12.7,6.6,2026-06-04T12:05Z
64,FAIR,d8:9c:8e:00:1c:e8,B8:A5:35:A4:5B:C6,169.254.1.77,WNXL11BWL_8.3p11s1_PROD_sey,CGM4981COM_8.3p10s1_PROD_sey,-100,-10,8.0,-67,FAIR,4,eutran-4,2050,10,No,10,418,51790614,51725,,,,81.53,117.97,98.238,20.035,10.822,59.986,0,,,0,0,311048,No,-98.5,-11.1,6.2,2026-06-04T12:15Z
65,FAIR,d8:9c:8e:00:1e:0f,80:DA:C2:8E:3D:C4,169.254.1.84,WNXL11BWL_8.3p11s1_PROD_sey,CGM4981COM_8.3p14s1_PROD_sey,-98,-12,3.8,-68,FAIR,4,eutran-4,2125,10,No,10,157,25133078,25097,,,,166.21,40.85,37.629,23.840,17.648,44.733,1,,,0,0,311048,No,-96.3,-12.0,0.0,2026-06-04T12:25Z
66,FAIR,d8:9c:8e:00:1e:d7,80:DA:C2:C4:E1:64,169.254.1.35,WNXL11BWL_8.3p7s1_PROD_sey,CGM4331COM_8.3p12s1_PROD_sey,-103,-12,10.6,-70,FAIR,13,eutran-4,2150,10,No,10,67,46673686,46592,,,,75.56,158.51,25.614,23.133,19.310,29.035,0,,,0,0,311048,No,-98.8,-7.9,8.8,2026-06-04T12:40Z
67,FAIR,,,169.254.1.50,,,,,,,FAIR,,,,,,,,,,,,FAIL,FAIL,,,,,,,,,,311048,,,,,2026-06-04T12:42Z
68,FAIR,d8:9c:8e:00:1e:eb,1C:9E:CC:21:B3:D4,169.254.1.55,WNXL11BWL_8.3p7s1_PROD_sey,CGM4981COM_8.3p10s1_PROD_sey,-99,-11,15.4,-70,FAIR,4,eutran-4,2050,10,No,10,234,37998614,37888,,,,110.89,143.91,27.569,18.936,9.566,85.981,0,,,0,0,311048,No,-99.2,-6.4,16.6,2026-06-04T12:50Z
69,FAIR,d8:9c:8e:00:1f:4f,C4:50:9C:45:F3:CC,169.254.1.11,WNXL11BWL_8.3p11s1_PROD_sey,CGM4981COM_8.3p10s1_PROD_sey,-103,-15,4.2,-69,FAIR,4,eutran-4,2100,10,No,10,302,157356832,3584,,,,130.02,38.50,81.617,16.287,8.437,52.905,0,,,0,0,311048,No,-100.7,-16.5,5.2,2026-06-04T13:15Z
70,FAIR,d8:9c:8e:00:1f:86,98:9D:5D:87:32:34,169.254.1.66,WNXL11BWL_8.3p7s1_PROD_sey,,,-101,-16,5.4,-71,FAIR,13,eutran-13,5230,10,No,10,164,62013955,61954,,,,105.50,37.86,38.031,17.771,10.289,57.774,0,,,0,0,311048,No,-102.4,-13.5,5.6,2026-06-04T13:25Z
71,FAIR,d8:9c:8e:00:1f:fe,B8:5E:71:42:AB:79,169.254.1.42,WNXL11BWL_8.3p11s1_PROD_sey,,,-99,-19,-2.2,-63,FAIR,13,eutran-2,1000,20,No,20,280,3607320,3584,,,,149.96,98.44,42.785,30.771,22.360,65.003,0,,,2,3,311048,No,-99.0,-9.9,15.4,2026-06-04T13:35Z
72,FAIR,d8:9c:8e:00:20:49,1C:9E:CC:21:A4:FC,169.254.1.117,WNXL11BWL_8.3p7s1_PROD_sey,,,-95,-16,10.8,-65,FAIR,4,eutran-2,1000,20,No,20,295,14661154,14595,,,,80.72,38.51,48.791,21.051,15.042,54.263,0,,,1,5,311048,No,-96.3,-12.7,12.0,2026-06-04T13:45Z
73,FAIR,d8:9c:8e:00:21:ca,70:13:01:C6:5C:DC,169.254.1.111,WNXL11BWL_8.3p11s1_PROD_sey,,,-101,-10,16.4,-70,FAIR,3,eutran-4,2125,10,No,10,349,77148438,270,,,,148.71,40.82,30.622,18.146,12.069,54.138,0,,,1,2,311048,No,-102.9,-10.0,17.6,2026-06-04T14:05Z
74,FAIR,d8:9c:8e:00:22:97,E0:DB:D1:D9:45:61,169.254.1.170,WNXL11BWL_8.3p11s1_PROD_sey,,,-100,-13,3.6,-63,FAIR,4,eutran-4,2050,10,No,10,388,44072726,44032,,,,121.89,40.06,53.005,19.732,12.267,107.703,0,,,2,0,311048,No,-97.3,-10.1,0.0,2026-06-04T14:15Z
75,FAIR,d8:9c:8e:00:23:aa,5C:7D:7D:51:52:C4,169.254.1.52,WNXL11BWL_8.3p11s1_PROD_sey,,,-102,-7,7.0,-78,FAIR,4,eutran-66,67086,20,No,20,60,78107920,1286,,,,151.66,39.89,38.071,16.662,10.586,56.302,0,,,1,0,311048,No,-101.3,-7.0,17.4,2026-06-04T14:25Z
76,POOR,,,169.254.1.243,,,,,,,POOR,,,,,,,,,,,,FAIL,FAIL,,,,,,,,,,311048,,,,,2026-06-04T14:30Z
77,POOR,,,169.254.1.47,,,,,,,POOR,,,,,,,,,,,,FAIL,FAIL,,,,,,,,,,311048,,,,,2026-06-04T14:35Z
78,POOR,d8:9c:8e:00:17:4d,1C:9E:CC:21:C0:A4,169.254.1.109,WNXL11BWL_8.3p11s1_PROD_sey,,,-104,-17,16.0,-76,FAIR,13,eutran-66,67086,20,No,20,287,26187302,26115,,,,17.46,2.60,72.13,19.232,12.932,24.094,0,GoNetspeed (Phelps NY),356.73,1,6,311048,Yes,-99.9,-11.4,3.8,2026-06-04T14:40Z
79,POOR,,,169.254.1.66,,,,,,,POOR,,,,,,,,,,,,FAIL,FAIL,,,,,,,,,,311048,,,,,2026-06-04T14:45Z
80,POOR,,,169.254.1.77,,,,,,,POOR,,,,,,,,,,,,FAIL,FAIL,,,,,,,,,,311048,,,,,2026-06-04T14:50Z
81,POOR,,,169.254.1.165,,,,,,,POOR,,,,,,,,,,,,FAIL,FAIL,,,,,,,,,,311048,,,,,2026-06-04T14:55Z
82,POOR,,,169.254.1.141,,,,,,,POOR,,,,,,,,,,,,FAIL,FAIL,,,,,,,,,,311048,,,,,2026-06-04T15:00Z
83,POOR,,,169.254.1.226,,,,,,,POOR,,,,,,,,,,,,FAIL,FAIL,,,,,,,,,,311048,,,,,2026-06-04T15:05Z
84,POOR,d8:9c:8e:00:1c:93,64:67:72:8F:62:05,169.254.1.241,WNXL11BWL_8.3p7s1_PROD_sey,,,-105,-11,6.8,-75,POOR,4,eutran-4,2050,20,No,20,340,44382732,44298,,,,186.68,121.62,33.651,22.976,11.513,117.384,2,,,1,0,311048,Yes,-105.6,-9.1,9.8,2026-06-04T15:10Z
85,POOR,d8:9c:8e:00:1c:c5,64:67:72:8F:5B:52,169.254.1.42,WNXL11BWL_8.3p11s1_PROD_sey,,,-109,-14,3.8,-77,POOR,3,eutran-4,2050,20,No,20,407,44375830,44303,,,,111.75,130.28,33.462,18.764,10.228,66.240,0,,,1,0,311048,Yes,-109.4,-12.3,5.2,2026-06-04T15:15Z
86,POOR,d8:9c:8e:00:1d:1a,80:DA:C2:FB:AA:70,169.254.1.234,WNXL11BWL_8.3p7s1_PROD_sey,,,-101,-14,3.8,-67,FAIR,4,eutran-4,2125,20,No,20,354,25915148,25858,,,,88.84,37.78,40.371,20.492,14.336,110.434,0,,,2,2,311048,Yes,-99.6,-15.2,1.0,2026-06-04T15:25Z
87,POOR,d8:9c:8e:00:1d:92,5C:22:DA:3D:23:33,169.254.1.103,WNXL11BWL_8.3p11s1_PROD_sey,,,-112,-15,-0.2,-77,POOR,13,eutran-13,5230,10,No,10,127,655106,513,,,,103.12,40.53,23.08,18.325,12.297,62.169,0,,,2,0,311048,Yes,-113.3,-16.9,-1.0,2026-06-04T15:35Z
88,POOR,d8:9c:8e:00:1e:28,5C:22:DA:3C:BF:3B,169.254.1.109,WNXL11BWL_8.3p7s1_PROD_sey,,,-117,-20,-5.2,-77,POOR,4,eutran-4,2125,20,No,20,75,25496588,25344,,,,151.36,33.81,45.143,21.602,13.434,81.932,0,,,1,0,311048,Yes,-116.4,-17.4,-6.2,2026-06-04T15:45Z
89,POOR,d8:9c:8e:00:1e:7d,10:36:AA:2C:E7:50,169.254.1.194,WNXL11BWL_8.3p11s1_PROD_sey,CGM4981COM_8.3p10s1_PROD_sey,-109,-15,3.2,-81,POOR,3,eutran-2,1000,10,No,10,264,26146574,26121,,,,115.18,38.80,42.511,25.076,16.421,65.313,0,,,1,0,311048,Yes,-109.8,-15.8,2.6,2026-06-04T16:00Z
90,POOR,d8:9c:8e:00:1f:09,5C:22:DA:3D:1C:33,169.254.1.190,WNXL11BWL_8.3p11s1_PROD_sey,CGM601TCOM_8.5p1s3_PROD_sey,-103,-11,14.8,-66,FAIR,3,eutran-4,2050,10,No,10,317,44299788,44303,,,,90.01,120.63,34.523,19.196,10.821,74.276,0,,,0,0,311048,No,-100.1,-8.1,16.6,2026-06-04T16:10Z
91,POOR,d8:9c:8e:00:1f:bd,1C:9D:72:2D:0D:04,169.254.1.121,WNXL11BWL_8.3p11s1_PROD_sey,CGM4981COM_8.5p2s3_PROD_sey,-115,-18,1.2,-78,POOR,13,eutran-13,5230,10,No,10,174,16916225,16898,,,,125.41,129.89,35.156,19.283,10.540,59.818,0,,,1,0,311048,Yes,-112.8,-17.8,-0.8,2026-06-04T16:20Z
92,POOR,,,169.254.1.207,,,,,,,POOR,,,,,,,,,,,,FAIL,FAIL,,,,,,,,,,311048,,,,,2026-06-04T16:25Z
93,POOR,d8:9c:8e:00:20:ad,AC:4C:A5:B4:A8:80,169.254.1.217,WNXL11BWL_8.3p11s1_PROD_sey,CGM4981COM_8.3p10s1_PROD_sey,-113,-11,8.2,-81,POOR,3,eutran-4,2050,10,No,10,252,44073996,44034,,,,205.53,59.62,28.314,19.196,10.054,137.764,0,,,1,1,311048,Yes,-112.3,-15.4,8.0,2026-06-04T16:35Z
94,POOR,d8:9c:8e:00:22:6a,E0:DB:D1:43:57:C9,169.254.1.125,WNXL11BWL_8.3p11s1_PROD_sey,CGM4331COM_8.3p12s1_PROD_sey,-111,-16,3.0,-79,POOR,13,eutran-4,2050,10,No,10,247,48897312,48919,,,,143.77,170.34,28.863,18.498,10.631,121.123,0,,,2,3,311048,Yes,-110.5,-14.7,0.0,2026-06-04T16:45Z
95,POOR,d8:9c:8e:00:22:a6,B8:A5:35:A6:2F:AE,169.254.1.185,WNXL11BWL_8.3p11s1_PROD_sey,CGM4981COM_8.3p10s1_PROD_sey,-109,-9,1.0,-81,POOR,3,eutran-4,2050,10,No,10,480,265610240,44532,,,,101.77,103.97,41.434,18.278,8.882,79.286,2,,,3,3,311048,Yes,-109.9,-7.9,6.4,2026-06-04T16:55Z
96,POOR,d8:9c:8e:00:22:b5,1C:9D:72:27:4D:E4,169.254.1.200,WNXL11BWL_8.3p7s1_PROD_sey,CGM4981COM_8.3p10s1_PROD_sey,-114,-13,4.8,-79,POOR,4,eutran-4,2050,10,No,10,95,15648800,15617,,,135.82,39.64,33.249,19.718,12.041,136.627,0,,,0,3,311048,Yes,-115.8,-13.0,3.0,2026-06-04T14:01Z
97,POOR,,,169.254.1.217,,,,,,,POOR,,,,,,,,,,,,FAIL,FAIL,,,,,,,,,,311048,,,,,2026-06-04T14:05Z
98,POOR,,,169.254.1.235,,,,,,,POOR,,,,,,,,,,,,FAIL,FAIL,,,,,,,,,,311048,,,,,2026-06-04T14:08Z
99,POOR,,,169.254.1.241,,,,,,,POOR,,,,,,,,,,,,FAIL,FAIL,,,,,,,,,,311048,,,,,2026-06-04T14:10Z
